{"initial cash": 10000, "cash": 12073.510299682617, "profit_loss": 2073.510299682617, "avg_profit_usd": 9.644233952012174, "avg_profit_pct": 1.4572856064652886, "max_loss": -102.67999267578125, "max_profit": 228.09994506835938, "number of trades": 215}